<?xml version="1.0" encoding="utf-8" ?>
<dwsync>
<file name=".gitattributes" server="ftp.apeng.ca//wb_apeng.ca/" local="132219736000000000" remote="132219891600000000" Dst="-1" />
<file name="robots.txt" server="ftp.apeng.ca//wb_apeng.ca/" local="132230828160000000" remote="132230864400000000" Dst="-1" />
<file name="sitemap.xml" server="ftp.apeng.ca//wb_apeng.ca/" local="132290515834787003" remote="132290623800000000" Dst="2" />
<file name=".htaccess" server="ftp.apeng.ca//wb_apeng.ca/" local="132231027837956478" remote="132290599800000000" Dst="2" />
<file name="About-Us.html" server="ftp.apeng.ca//wb_apeng.ca/" local="132290479002294431" remote="132290599800000000" Dst="2" />
<file name="Contact.html" server="ftp.apeng.ca//wb_apeng.ca/" local="132230803870000000" remote="132230841000000000" Dst="-1" />
<file name="index.html" server="ftp.apeng.ca//wb_apeng.ca/" local="132230802278746218" remote="132290599800000000" Dst="2" />
<file name="Products-and-Manuals.html" server="ftp.apeng.ca//wb_apeng.ca/" local="132231030747250081" remote="132290599800000000" Dst="2" />
<file name="Services.html" server="ftp.apeng.ca//wb_apeng.ca/" local="132230803120000000" remote="132230841000000000" Dst="-1" />
<file name="Projects.html" server="ftp.apeng.ca//wb_apeng.ca/" local="132290478998769338" remote="132290599800000000" Dst="2" />
</dwsync>