<?xml version="1.0" encoding="utf-8" ?>
<dwsync>
<file name="chart_recorder.jpg" server="ftp.apeng.ca//wb_apeng.ca/" local="132219736090000000" remote="132219891000000000" Dst="-1" />
<file name="formula.png" server="ftp.apeng.ca//wb_apeng.ca/" local="132219736090000000" remote="132219891000000000" Dst="-1" />
<file name="graph.png" server="ftp.apeng.ca//wb_apeng.ca/" local="132219736090000000" remote="132219891000000000" Dst="-1" />
<file name="IMG_3717_d600.JPG" server="ftp.apeng.ca//wb_apeng.ca/" local="132219736090000000" remote="132219891000000000" Dst="-1" />
<file name="profile-pic.jpg" server="ftp.apeng.ca//wb_apeng.ca/" local="132219736090000000" remote="132219891000000000" Dst="-1" />
<file name="SCCU_Connection.PNG" server="ftp.apeng.ca//wb_apeng.ca/" local="132219736090000000" remote="132219891000000000" Dst="-1" />
<file name="SCCU_program.png" server="ftp.apeng.ca//wb_apeng.ca/" local="132219736090000000" remote="132219891000000000" Dst="-1" />
<file name="siteCommander_internal_d800.jpeg" server="ftp.apeng.ca//wb_apeng.ca/" local="132219736090000000" remote="132219891000000000" Dst="-1" />
<file name="slope.png" server="ftp.apeng.ca//wb_apeng.ca/" local="132219736090000000" remote="132219891000000000" Dst="-1" />
<file name="water_treatment_plant_d600.jpg" server="ftp.apeng.ca//wb_apeng.ca/" local="132219736090000000" remote="132219891000000000" Dst="-1" />
</dwsync>