<?xml version="1.0" encoding="utf-8" ?>
<dwsync>
<file name="mobile_about-us.html" server="ftp.apeng.ca//wb_apeng.ca/" local="132230019526191334" remote="132230896200000000" Dst="1" />
<file name="mobile_contact-and-about-us.html" server="ftp.apeng.ca//wb_apeng.ca/" local="132230019526228993" remote="132230896200000000" Dst="1" />
<file name="mobile_contact.html" server="ftp.apeng.ca//wb_apeng.ca/" local="132230019526258912" remote="132230896200000000" Dst="1" />
<file name="mobile_gallery.html" server="ftp.apeng.ca//wb_apeng.ca/" local="132230019526291891" remote="132230896200000000" Dst="1" />
<file name="mobile_index.html" server="ftp.apeng.ca//wb_apeng.ca/" local="132230019526319104" remote="132230896200000000" Dst="1" />
<file name="mobile_news-and-articles.html" server="ftp.apeng.ca//wb_apeng.ca/" local="132230019526348825" remote="132230896200000000" Dst="1" />
<file name="mobile_post-page.html" server="ftp.apeng.ca//wb_apeng.ca/" local="132230019526380212" remote="132230896200000000" Dst="1" />
<file name="mobile_products-and-manuals.html" server="ftp.apeng.ca//wb_apeng.ca/" local="132230019526408978" remote="132230896200000000" Dst="1" />
<file name="mobile_services.html" server="ftp.apeng.ca//wb_apeng.ca/" local="132230019526434818" remote="132230896200000000" Dst="1" />
<file name=".htaccess" server="ftp.apeng.ca//wb_apeng.ca/" local="132230019526139344" remote="132230895600000000" Dst="1" />
</dwsync>